{
  "104-57 165th St, Jamaica, NY 11433|||11433": [
    40.699918,
    -73.7906708
  ],
  "92-27 160th St.|||11433": [
    40.6956184,
    -73.793229
  ],
  "88-36 139th st|||11435": [
    40.7028594,
    -73.8133849
  ],
  "92-23 168th St|||11433": [
    40.7057319,
    -73.7919259
  ],
  "9233 168TH ST, Jamaica|||11433": [
    40.7146844,
    -73.797055
  ],
  "142-41 122nd Ave, Jamaica, NY 11436|||11434": [
    40.6753464,
    -73.7965575
  ],
  "116-28 148th St|||11436": [
    40.6815024,
    -73.7935646
  ],
  "134-15 134th Ave|||11420": [
    40.6684675,
    -73.8043731
  ],
  "107-21 Jamaica Ave, Richmond Hill, NY 11418|||11418": [
    40.6956911,
    -73.8397526
  ],
  "88-21 205th St, Jamaica, NY 11423, USA|||11423": [
    40.7201253,
    -73.7596523
  ],
  "166-33 89th Ave, Jamaica, NY 11432|||11432": [
    40.708642,
    -73.7944951
  ],
  "95-09 124th St, South Richmond Hill, NY 11419|||11419": [
    40.6933389,
    -73.8226362
  ],
  "211-36 99th Ave, Jamaica, NY 11429|||11429": [
    40.7141065,
    -73.7473503
  ],
  "147-35 95th Ave, Jamaica, NY 11435|||11435": [
    40.6975424,
    -73.8089968
  ],
  "92-27 160th St, Jamaica, NY 11433|||11433": [
    40.7033648,
    -73.7988642
  ],
  "115-16 111th Ave|||11420": [
    40.6795175,
    -73.8240672
  ],
  "125-02 107th Ave, South Richmond Hill, NY 11419 1st Floor|||11419": [
    40.6856576,
    -73.8180007
  ],
  "110-97 85th Ave|||11418": [
    40.7011687,
    -73.8392691
  ],
  "92-23 168th St, Jamaica, NY 11433|||11433": [
    40.7057319,
    -73.7919259
  ],
  "147-40 Archer Avenue|||11453": [
    40.7007227,
    -73.8067421
  ],
  "150-15 Hillside Ave., Jamaica, NY 11432|||11432": [
    40.7069666,
    -73.8059793
  ],
  "114-11 159th St, Rochdale, NY 11434|||11434": [
    40.6880165,
    -73.7880373
  ],
  "141-30 84th Rd, Jamaica, NY 11435|||11435": [
    40.7124033,
    -73.8170529
  ],
  "107-25 77th St, Jamaica, NY 11417|||11417": [
    40.6759431,
    -73.8593848
  ],
  "108-01 Union Hall St, Jamaica, NY 11433|||11433": [
    40.6954095,
    -73.7916001
  ],
  "90-39 138th St, Jamaica, NY 11435|||11435": [
    40.7000345,
    -73.8135689
  ],
  "22511 112th Road|||11429": [
    40.7046759,
    -73.733882
  ],
  "150-02 116TH DRIVE|||11434": [
    40.6823505,
    -73.7894139
  ],
  "147-40 Archer Ave|||11435": [
    40.7007227,
    -73.8067421
  ],
  "92-50 170th St, Jamaica, NY 11433|||11433": [
    40.7056729,
    -73.7895969
  ],
  "85-62 148th St, Jamaica, NY 11435|||11435": [
    40.7090476,
    -73.8103423
  ],
  "115-27 Dunkirk St.|||11412": [
    40.6938595,
    -73.7661132
  ],
  "170-02 93rd Ave, Jamaica, NY 11433|||11433": [
    40.7053921,
    -73.7885584
  ],
  "92-33 168th St.|||11433": [
    40.7146844,
    -73.797055
  ],
  "150-06 Liberty Ave, 2nd floor to the right|||11433": [
    40.702805,
    -73.7900268
  ],
  "147-40 Archer Avenue|||11435": [
    40.7007227,
    -73.8067421
  ],
  "336 Beach 70th St.|||11692": [
    40.5918325,
    -73.7987792
  ],
  "1386 Beach Channel Dr.|||11691": [
    40.6076816,
    -73.7541626
  ],
  "1069 Bay 32nd Street|||11691": [
    40.60273,
    -73.7686025
  ],
  "105 Beach 56th Place|||11692": [
    40.5898309,
    -73.7867045
  ],
  "95-15 94th St, Jamaica, NY 11416|||11691": [
    40.6865636,
    -73.8477116
  ],
  "17-01 Village Ln, Far Rockaway, NY 11691|||11691": [
    40.6061398,
    -73.7527311
  ],
  "13-61 Chandler St, Far Rockaway, NY 11691|||11691": [
    40.6074069,
    -73.7565855
  ],
  "338 Beach 66th St.|||11692": [
    40.5923247,
    -73.794797
  ],
  "54-39 100 St.|||11368": [
    40.7854274,
    -73.9419447
  ],
  "3432 91 St.|||11372": [
    40.7789269,
    -73.9430424
  ],
  "104-41 46th Avenue|||11368": [
    40.7469956,
    -73.858503
  ],
  "40-75 Junction Blvd|||11368": [
    40.747182,
    -73.8682724
  ],
  "9840 57TH AVE|||11368": [
    40.7285628,
    -73.8879703
  ],
  "104-10 Northern Boulevard|||11368": [
    40.7578448,
    -73.8607153
  ],
  "123-13 13th Ave|||11356": [
    40.7869421,
    -73.8441285
  ],
  "70-30 Parsons Blvd|||11365": [
    40.7311817,
    -73.8113216
  ],
  "108-07 44th Ave|||11368": [
    40.7474178,
    -73.8595823
  ],
  "32-40 107 St.|||11369": [
    40.7929137,
    -73.9457511
  ],
  "73-00 Queens Blvd, Woodside, NY 11377, USA|||11377": null,
  "35-44 100th St, Flushing, NY 11368|||11368": [
    40.7528726,
    -73.8677081
  ],
  "98-10 Corona Ave., Corona, NY 11368|||11368": [
    40.7445589,
    -73.8646921
  ],
  "6-87 Woodward Ave, Ridgewood, NY 11385|||11385": [
    40.7065987,
    -73.9085802
  ],
  "80-71 Cypress Ave, Flushing, NY 11385|||11385": [
    40.6930463,
    -73.8951332
  ],
  "37-18 68th St, Woodside, NY 11377|||11377": [
    40.7479686,
    -73.8977417
  ],
  "17-11 Hancock St, Flushing, NY 11385|||11385": [
    40.6987913,
    -73.905259
  ],
  "62-17 62nd Rd, Flushing, NY 11379|||11379": [
    40.7133731,
    -73.899382
  ],
  "37-32 91st St, Flushing, NY 11372|||11372": [
    40.7496381,
    -73.8760062
  ],
  "24-14 84th St, East Elmhurst, NY 11370|||11370": [
    40.7641692,
    -73.8852727
  ],
  "50-50 Broadway, Woodside, NY 11377|||11377": [
    40.753939,
    -73.9096968
  ],
  "4138 149th Pl|||11355": [
    40.7607758,
    -73.8140449
  ],
  "432 Wales Ave|||10455": [
    40.8096573,
    -73.9081716
  ],
  "110 Mt Hope Pl, Bronx, NY 10453|||10453": [
    40.8487165,
    -73.9080714
  ],
  "1650 Undercliff Ave, Bronx, NY 10453|||10453": [
    40.8497938,
    -73.9215717
  ],
  "92 W Tremont Avenue|||10453": [
    40.8500992,
    -73.9125075
  ],
  "23-75 Southern Boulevard|||10460": [
    40.8591904,
    -73.8807788
  ],
  "1193 Fulton Ave|||10456": [
    40.8301184,
    -73.9053653
  ],
  "10-60 Reverend James A. Polite Avenue|||10459": [
    40.8275579,
    -73.8974183
  ],
  "540 Concord Ave.|||10455": [
    40.8128417,
    -73.9080995
  ],
  "1374 College Avenue|||10456": [
    40.8368608,
    -73.9107123
  ],
  "1395 Bristow|||10459": [
    40.8329483,
    -73.895189
  ],
  "1181 Sherman Ave, Bronx, NY 10456|||10456": [
    40.8335227,
    -73.916162
  ],
  "1128 Findlay Ave, Bronx, NY 10456|||10456": [
    40.8308358,
    -73.9133294
  ],
  "685 East 170th St.|||10456": [
    40.83362,
    -73.8973406
  ],
  "828 Courtlandt Ave, Bronx, NY 10451 apt 4D|||10451": [
    40.8236292,
    -73.9158858
  ],
  "824 Southern Blvd, Bronx, NY 10459|||10459": [
    40.8169523,
    -73.8954297
  ],
  "1279 Morris Ave, Bronx, NY 10456|||10456": [
    40.8350648,
    -73.9133744
  ],
  "750 E 163rd St, Bronx, NY 10456|||10456": [
    40.8225257,
    -73.9042115
  ],
  "1224 Prospect Ave, Bronx, NY 10459|||10459": [
    40.8272903,
    -73.8983496
  ],
  "109 Henwood Pl, Bronx, NY 10453|||10453": [
    40.8475854,
    -73.9097296
  ],
  "724 Prospect Ave, Bronx, NY 10455|||10455": [
    40.8166547,
    -73.9025692
  ],
  "652 Southern Blvd, Bronx, NY 10455|||10455": [
    40.8131315,
    -73.9002986
  ],
  "1600 Grand Ave, Bronx, NY 10453|||10453": [
    40.846547,
    -73.916023
  ],
  "674 E 136th St, Bronx, NY 10454|||10454": [
    40.8041047,
    -73.9153223
  ],
  "38 Featherbed Ln, Bronx, NY 10453 apt 1H|||10452": [
    40.8462153,
    -73.9177493
  ],
  "1343 Washington Ave, Bronx, NY 10456|||10456": [
    40.833979,
    -73.9058182
  ],
  "515 Tinton Ave, Bronx, NY 10455|||10455": [
    40.8118296,
    -73.9069079
  ],
  "428 E 157th St, Bronx, NY 10451|||10451": [
    40.8211357,
    -73.9141627
  ],
  "3205 Park Ave, Bronx, NY 10451|||10451": [
    40.8251669,
    -73.9165117
  ],
  "670 St Ann's Ave, Bronx, NY 10455|||10455": [
    40.8172712,
    -73.9111238
  ],
  "1592 Jesup Ave, Bronx, NY 10452|||10452": [
    40.8457568,
    -73.9179782
  ],
  "10 Richman Plaza, Bronx, NY 10453|||10453": [
    40.8511759,
    -73.9233792
  ],
  "787 E 185th St, Bronx, NY 10460|||10460": [
    40.8523815,
    -73.8823364
  ],
  "1314 Nelson Ave, Bronx, NY 10452|||10452": [
    40.8401577,
    -73.9235421
  ],